Akron, OH
Albany, GA
Albany, NY
Alexandria, LA
Amarillo, TX
Americus, GA
Ames, IA
Anchorage, AK
Anderson, SC
Appleton, WI
Ardmore, OK
Arlington, TX
Asheville, NC
Ashland, OH
Atlanta, GA
Austin, TX
Bakersfield, CA
Baltimore, MD
Baton Rouge, LA
Beaufort, SC
Beaumont, TX
Bellingham, WA
Binghamton, NY
Birmingham, AL
Blacksburg, VA
Boise, ID
Boston, MA
Bowling Green, KY
Bozeman, MT
Bradenton, FL
Brownsville, TX
Buffalo, NY
Burlington, IA
Burlington, NC
Camden, SC
Carlsbad, NM
Cedar City, UT
Cedar Rapids, IA
Chapel Hill, NC
Charleston, WV
Charlotte, NC
Charlottesville, VA
Chattanooga, TN
Cheyenne, WY
Chicago, IL
Cincinnati, OH
Clarksburg, WV
Clarksville, TN
Cleveland, OH
Cleveland, TN
Colorado Springs, CO
Columbia, MO
Columbia, SC
Columbus, OH
Conroe, TX
Conway, AR
Cookeville, TN
Corpus Christi, TX
Covington, KY
Dallas, TX
Danville, IL
Dayton, OH
Decatur, IL
Denver, CO
Des Moines, IA
Detroit, MI
Dodge City, KS
Dothan, AL
Douglas, GA
Dover, DE
Dubuque, IA
Durham, NC
Dyersburg, TN
Eau Claire, WI
Edmond, OK
El Paso, TX
Enid, OK
Erie, PA
Eugene, OR
Evansville, IN
Everett, WA
Fairbanks, AK
Farmington, NM
Fayetteville, AR
Fayetteville, NC
Findlay, OH
Flagstaff, AZ
Florence, AL
Fort Lauderdale, FL
Fort Smith, AR
Fort Worth, TX
Fresno, CA
Gainesville, FL
Galesburg, IL
Garden City, KS
Glens Falls, NY
Glenwood Springs, CO
Grand Junction, CO
Grand Rapids, MI
Green Bay, WI
Greenville, NC
Greenville, SC
Gunnison, CO
Hammond, LA
Harlingen, TX
Harrisburg, PA
Harrisonburg, VA
Hartford, CT
Hastings, NE
Hattiesburg, MS
Hays, KS
Hickory, NC
Hilton Head Island, SC
Honolulu, HI
Hot Springs, AR
Houston, TX
Huntsville, AL
Hutchinson, KS
Idaho Falls, ID
Indianapolis, IN
Iowa City, IA
Ithaca, NY
Jackson, MS
Jacksonville, FL
Jacksonville, NC
Janesville, WI
Jefferson City, MO
Johnson City, TN
Johnstown, PA
Jonesboro, AR
Joplin, MO
Juneau, AK
Kalamazoo, MI
Kinston, NC
Knoxville, TN
Kodiak, AK
Lafayette, IN
Lafayette, LA
Lake Charles, LA
Lake Havasu City, AZ
Lancaster, PA
Laramie, WY
Las Cruces, NM
Las Vegas, NV
Lawrence, KS
Lawton, OK
Lexington, KY
Lima, OH
Logan, UT
Los Alamos, NM
Louisville, KY
Loveland, CO
Lubbock, TX
Lufkin, TX
Lynchburg, VA
Manchester, NH
Manhattan, KS
Mankato, MN
Marietta, GA
Marshfield, WI
Mason City, IA
McAllen, TX
Memphis, TN
Midland, TX
Minneapolis, MN
Minot, ND
Missoula, MT
Mobile, AL
Monroe, LA
Montgomery, AL
Morgantown, WV
Morristown, TN
Muncie, IN
Muskogee, OK
Myrtle Beach, SC
Nacogdoches, TX
New Haven, CT
New York, NY
Norman, OK
Oakland, CA
Odessa, TX
Oklahoma City, OK
Olympia, WA
Omaha, NE
Orlando, FL
Paducah, KY
Palm Springs, CA
Panama City, FL
Paris, TX
Pascagoula, MS
Peoria, IL
Philadelphia, PA
Phoenix, AZ
Pittsburgh, PA
Pittsfield, MA
Plano, TX
Plattsburgh, NY
Ponca City, OK
Portland, ME
Portland, OR
Providence, RI
Pueblo, CO
Quincy, IL
Raleigh, NC
Richmond, IN
Richmond, VA
Rio Rancho, NM
Riverside City, CA
Roanoke, VA
Rochester, MN
Rochester, NY
Rockford, IL
Roswell, NM
Round Rock, TX
Sacramento, CA
Salina, KS
Salt Lake City, UT
San Angelo, TX
San Antonio, TX
San Diego, CA
San Francisco, CA
San Jose, CA
San Marcos, TX
Sarasota, FL
Savannah, GA
Seattle, WA
Seguin, TX
Sheboygan, WI
Sierra Vista, AZ
Sioux Falls, SD
South Bend, IN
Spokane, WA
Springfield, IL
Springfield, MO
St. Cloud, MN
St. George, UT
St. Joseph, MO
St. Paul, MN
Stamford, CT
Stillwater, OK
Sumter, SC
Syracuse, NY
Tacoma, WA
Tampa, FL
Temple, TX
Topeka, KS
Tucson, AZ
Tulsa, OK
Tupelo, MS
Tuscaloosa, AL
Twin Falls, ID
Tyler, TX
Valdosta, GA
Vancouver, WA
Waco, TX
Wausau, WI
Weatherford, TX
Wichita Falls, TX
Wichita, KS
Wilmington, DE
Wilmington, NC
Wooster, OH
Yakima, WA
Yuma, AZ